ordem,setor_chegada,setor_atendimento
1,1236976,1236976
2,476024,476024
3,1445560,1445560
4,949720,949720
5,711960,711960
6,414256,414256
7,1789496,1789496
8,803024,803024
9,1222616,1222616
10,1677632,1677632
11,1131928,1696320
12,738656,1294264
13,1696320,1131928
14,1103064,1103064
15,1294264,738656
16,676888,676888
17,1186336,1186336
18,1705784,1705784
19,1677304,1677304
20,889072,889072
21,1972856,1219176
22,1243432,1243432
23,1219176,1778624
24,1778624,1809576
25,1930776,1850192
26,1809576,1874024
27,1688600,1930776
28,1994760,1972856
29,227704,1994760
30,1850192,1688600
31,1874024,1429040
32,989800,1263728
33,536440,989800
34,1263728,536440
35,1429040,489320
36,350800,365336
37,489320,359080
38,1841816,350800
39,359080,227704
40,1104976,167368
41,365336,1104976
42,167368,1166320
43,1784696,903856
44,1166320,613624
45,2034032,629296
46,481480,481480
47,1943104,562248
48,903856,457880
49,613624,1706200
50,629296,1784696
51,1869568,1841816
52,562248,1869568
53,457880,1943104
54,1706200,2034032
55,1399016,1755600
56,431552,1627672
57,1465232,1465232
58,1755600,1399016
59,1627672,1342960
60,721392,827720
61,827720,925480
62,1342960,721392
63,463288,707584
64,63776,556232
65,5968,463288
66,925480,431552
67,707584,679816
68,1396944,170624
69,556232,63776
70,679816,5968
71,170624,334200
72,960296,960296
73,1494864,1396944
74,334200,1411640
75,1411640,1494864
76,186832,186832
77,1260032,1260032
78,2050088,2050088
79,1220392,1220392
80,833608,833608
